"rent, rub/month",full_address,city,"price_per_sqm, rub/month","square, m^2",type,url
69500,"улица Композитора Касьянова, 11",Нижний Новгород,718,96,Универсальное помещение,https://nizhnij-novgorod.n1.ru/view/115679857/?open_card_kn
159000,"улица Гоголя, 41",Нижний Новгород,1135,140,Универсальное помещение,https://nizhnij-novgorod.n1.ru/view/115490915/?open_card_kn
25000,"улица Бетанкура, 4",Нижний Новгород,446,56,Универсальное помещение,https://nizhnij-novgorod.n1.ru/view/114529344/?open_card_kn
141000,"Ленина проспект, 103а",Нижний Новгород,300,470,Универсальное помещение,https://nizhnij-novgorod.n1.ru/view/77410717/?open_card_kn
7238000,"Московское шоссе, 300",Нижний Новгород,1100,6580,Универсальное помещение,https://nizhnij-novgorod.n1.ru/view/115260420/?open_card_kn
120000,"улица 3-я Ямская, 30",Нижний Новгород,1000,120,Универсальное помещение,https://nizhnij-novgorod.n1.ru/view/112286729/?open_card_kn
111000,"Ленина проспект, 98",Нижний Новгород,1200,92,Универсальное помещение,https://nizhnij-novgorod.n1.ru/view/115947582/?open_card_kn
470000,"Восточный проезд, 5",Нижний Новгород,500,940,Универсальное помещение,https://nizhnij-novgorod.n1.ru/view/113468901/?open_card_kn
12750,"улица Энгельса, 2",Нижний Новгород,750,17,Универсальное помещение,https://nizhnij-novgorod.n1.ru/view/115945450/?open_card_kn
94000,"улица Родионова, 202",Нижний Новгород,1000,94,Универсальное помещение,https://nizhnij-novgorod.n1.ru/view/115941960/?open_card_kn
35011,"улица Бекетова, 42",Нижний Новгород,1041,33,Универсальное помещение,https://nizhnij-novgorod.n1.ru/view/115941959/?open_card_kn
32000,"улица Тимирязева, 9",Нижний Новгород,1066,30,Универсальное помещение,https://nizhnij-novgorod.n1.ru/view/115941945/?open_card_kn
199870,"улица Оранжерейная 2-я, 4а",Нижний Новгород,1100,181,Универсальное помещение,https://nizhnij-novgorod.n1.ru/view/115941946/?open_card_kn
40500,"Гагарина проспект, 25б",Нижний Новгород,900,45,Универсальное помещение,https://nizhnij-novgorod.n1.ru/view/115941921/?open_card_kn
75000,"улица Вторчермета, 1г",Нижний Новгород,1000,75,Универсальное помещение,https://nizhnij-novgorod.n1.ru/view/115941916/?open_card_kn
109200,"улица Почаинская, 17е",Нижний Новгород,840,130,Универсальное помещение,https://nizhnij-novgorod.n1.ru/view/115941913/?open_card_kn
58825,"улица Лейтенанта Шмидта, 6",Нижний Новгород,650,90,Универсальное помещение,https://nizhnij-novgorod.n1.ru/view/115941914/?open_card_kn
45000,"улица Коммунистическая, 2",Нижний Новгород,1000,45,Универсальное помещение,https://nizhnij-novgorod.n1.ru/view/113808986/?open_card_kn
165000,"улица Юлиуса Фучика, 13",Нижний Новгород,1000,165,Универсальное помещение,https://nizhnij-novgorod.n1.ru/view/115935205/?open_card_kn
210000,"улица Переходникова, 29",Нижний Новгород,350,600,Универсальное помещение,https://nizhnij-novgorod.n1.ru/view/115240057/?open_card_kn
375000,"Восточный проезд, 11",Нижний Новгород,125,3000,Универсальное помещение,https://nizhnij-novgorod.n1.ru/view/115237417/?open_card_kn
35000,"улица Березовская, 101",Нижний Новгород,1166,30,Универсальное помещение,https://nizhnij-novgorod.n1.ru/view/115233569/?open_card_kn
70000,"Юбилейный бульвар, 3",Нижний Новгород,409,171,Универсальное помещение,https://nizhnij-novgorod.n1.ru/view/113071991/?open_card_kn
50000,"улица Октябрьской Революции, 39",Нижний Новгород,833,60,Универсальное помещение,https://nizhnij-novgorod.n1.ru/view/106488249/?open_card_kn
61200,"Южное шоссе, 43а",Нижний Новгород,600,102,Универсальное помещение,https://nizhnij-novgorod.n1.ru/view/106488223/?open_card_kn
62400,"улица Ларина, 12",Нижний Новгород,600,104,Универсальное помещение,https://nizhnij-novgorod.n1.ru/view/115588094/?open_card_kn
68000,"Московское шоссе, 306",Нижний Новгород,739,92,Универсальное помещение,https://nizhnij-novgorod.n1.ru/view/115218881/?open_card_kn
500000,"улица Рождественская, 24",Нижний Новгород,1612,310,Универсальное помещение,https://nizhnij-novgorod.n1.ru/view/115583093/?open_card_kn
800000,"улица Коминтерна, 43б",Нижний Новгород,1296,617,Универсальное помещение,https://nizhnij-novgorod.n1.ru/view/115926754/?open_card_kn
1000000,"Московское шоссе, 85",Нижний Новгород,1000,1000,Универсальное помещение,https://nizhnij-novgorod.n1.ru/view/108980257/?open_card_kn
5000,"проспект Сергея Тюленина, 4",Нижний Новгород,1000,5,Универсальное помещение,https://nizhnij-novgorod.n1.ru/view/114509428/?open_card_kn
1160550,"Октября проспект, 12",Нижний Новгород,1500,773,Универсальное помещение,https://nizhnij-novgorod.n1.ru/view/113452716/?open_card_kn
130500,"улица Краснодонцев, 21",Нижний Новгород,1500,87,Универсальное помещение,https://nizhnij-novgorod.n1.ru/view/110761323/?open_card_kn
250000,"улица Дмитрия Павлова, 13а",Нижний Новгород,1000,250,Универсальное помещение,https://nizhnij-novgorod.n1.ru/view/115567178/?open_card_kn
280000,"улица пос. Парышево, 17",Нижний Новгород,2000,140,Универсальное помещение,https://nizhnij-novgorod.n1.ru/view/115917374/?open_card_kn
139000,"Кирова проспект, 4",Нижний Новгород,1007,138,Универсальное помещение,https://nizhnij-novgorod.n1.ru/view/115163713/?open_card_kn
310000,"улица Максима Горького, 50",Нижний Новгород,1111,278,Универсальное помещение,https://nizhnij-novgorod.n1.ru/view/115163708/?open_card_kn
30000,"улица Плотникова, 4",Нижний Новгород,1250,24,Универсальное помещение,https://nizhnij-novgorod.n1.ru/view/115162871/?open_card_kn
119000,"Бурнаковский проезд, 1",Нижний Новгород,850,140,Универсальное помещение,https://nizhnij-novgorod.n1.ru/view/115161783/?open_card_kn
440980,"улица Выборгская, 6",Нижний Новгород,850,518,Универсальное помещение,https://nizhnij-novgorod.n1.ru/view/115161705/?open_card_kn
9500,"улица Бринского, 1",Нижний Новгород,1187,8,Универсальное помещение,https://nizhnij-novgorod.n1.ru/view/115161703/?open_card_kn
60000,"Московское шоссе, 33",Нижний Новгород,690,86,Универсальное помещение,https://nizhnij-novgorod.n1.ru/view/115552870/?open_card_kn
60000,"Казанское шоссе, 10",Нижний Новгород,896,66,Универсальное помещение,https://nizhnij-novgorod.n1.ru/view/115552867/?open_card_kn
35000,"улица Максима Горького, 148",Нижний Новгород,795,44,Универсальное помещение,https://nizhnij-novgorod.n1.ru/view/115552868/?open_card_kn
1170000,"улица Нартова, 2",Нижний Новгород,780,1500,Универсальное помещение,https://nizhnij-novgorod.n1.ru/view/115552692/?open_card_kn
352000,"улица Веденяпина, 14а",Нижний Новгород,800,440,Универсальное помещение,https://nizhnij-novgorod.n1.ru/view/115552691/?open_card_kn
343200,"улица Долгополова, 49",Нижний Новгород,1096,313,Универсальное помещение,https://nizhnij-novgorod.n1.ru/view/113027640/?open_card_kn
950600,"улица Нижегородская, 5",Нижний Новгород,1000,950,Универсальное помещение,https://nizhnij-novgorod.n1.ru/view/115552040/?open_card_kn
448750,"улица Нижне-Волжская набережная, 19",Нижний Новгород,1250,359,Универсальное помещение,https://nizhnij-novgorod.n1.ru/view/115552033/?open_card_kn
150000,"улица Веденяпина, 14а",Нижний Новгород,1200,125,Универсальное помещение,https://nizhnij-novgorod.n1.ru/view/115552034/?open_card_kn
365000,"улица Варварская, 6а",Нижний Новгород,935,390,Универсальное помещение,https://nizhnij-novgorod.n1.ru/view/115906767/?open_card_kn
36000,"улица Лейтенанта Шмидта, 6",Нижний Новгород,120,300,Универсальное помещение,https://nizhnij-novgorod.n1.ru/view/115906766/?open_card_kn
455000,"улица Литвинова, 20",Нижний Новгород,827,550,Универсальное помещение,https://nizhnij-novgorod.n1.ru/view/115906763/?open_card_kn
344410,"улица Крупской, 14",Нижний Новгород,1100,313,Универсальное помещение,https://nizhnij-novgorod.n1.ru/view/114872137/?open_card_kn
2050000,"улица Ларина, 6",Нижний Новгород,1000,2050,Универсальное помещение,https://nizhnij-novgorod.n1.ru/view/115901950/?open_card_kn
300000,"улица Ильинская, 56",Нижний Новгород,2000,150,Универсальное помещение,https://nizhnij-novgorod.n1.ru/view/108921403/?open_card_kn
858000,"улица Рождественская, 11",Нижний Новгород,2200,390,Универсальное помещение,https://nizhnij-novgorod.n1.ru/view/114864705/?open_card_kn
280000,"улица Юлиуса Фучика, 2а",Нижний Новгород,622,450,Универсальное помещение,https://nizhnij-novgorod.n1.ru/view/113411029/?open_card_kn
80000,"улица Краснодонцев, 21",Нижний Новгород,1271,62,Универсальное помещение,https://nizhnij-novgorod.n1.ru/view/115891758/?open_card_kn
140000,"улица Карла Маркса, 42",Нижний Новгород,1364,102,Универсальное помещение,https://nizhnij-novgorod.n1.ru/view/115890351/?open_card_kn
325000,"улица Ижорская, 18",Нижний Новгород,1300,250,Универсальное помещение,https://nizhnij-novgorod.n1.ru/view/115890279/?open_card_kn
198000,"улица Грузинская, 37а",Нижний Новгород,1100,180,Универсальное помещение,https://nizhnij-novgorod.n1.ru/view/113405123/?open_card_kn
168000,"улица Большая Печерская, 55",Нижний Новгород,1200,140,Универсальное помещение,https://nizhnij-novgorod.n1.ru/view/113405038/?open_card_kn
91410,"улица Октябрьской Революции, 45",Нижний Новгород,1100,83,Универсальное помещение,https://nizhnij-novgorod.n1.ru/view/113009872/?open_card_kn
35000,"улица Волжская набережная, 8",Нижний Новгород,1029,34,Универсальное помещение,https://nizhnij-novgorod.n1.ru/view/115887912/?open_card_kn
853160,"Ленина проспект, 78",Нижний Новгород,1100,775,Универсальное помещение,https://nizhnij-novgorod.n1.ru/view/115884457/?open_card_kn
24000,"улица Гвардейцев, 9",Нижний Новгород,800,30,Универсальное помещение,https://nizhnij-novgorod.n1.ru/view/115884407/?open_card_kn
25000,"Октября проспект, 9",Нижний Новгород,757,33,Универсальное помещение,https://nizhnij-novgorod.n1.ru/view/115879471/?open_card_kn
80000,"улица Белинского, 66",Нижний Новгород,2162,37,Универсальное помещение,https://nizhnij-novgorod.n1.ru/view/113766592/?open_card_kn
30000,"Октября проспект, 9",Нижний Новгород,1145,26,Универсальное помещение,https://nizhnij-novgorod.n1.ru/view/115876303/?open_card_kn
315000,"улица Свободы, 63",Нижний Новгород,1050,300,Универсальное помещение,https://nizhnij-novgorod.n1.ru/view/110708327/?open_card_kn
1274000,"улица Ильинская, 56",Нижний Новгород,2000,637,Универсальное помещение,https://nizhnij-novgorod.n1.ru/view/108888894/?open_card_kn
160000,"улица Сергея Акимова, 25а",Нижний Новгород,800,200,Универсальное помещение,https://nizhnij-novgorod.n1.ru/view/114846128/?open_card_kn
88400,"Ленина проспект, 113",Нижний Новгород,2600,34,Универсальное помещение,https://nizhnij-novgorod.n1.ru/view/111098462/?open_card_kn
25000,"улица Окский Съезд, 1",Нижний Новгород,925,27,Универсальное помещение,https://nizhnij-novgorod.n1.ru/view/114843594/?open_card_kn
513000,"улица Кузнечиха Город ЖК, 9",Нижний Новгород,1800,285,Универсальное помещение,https://nizhnij-novgorod.n1.ru/view/114834197/?open_card_kn
480000,"улица Нижне-Волжская набережная, 19",Нижний Новгород,1500,320,Универсальное помещение,https://nizhnij-novgorod.n1.ru/view/115522363/?open_card_kn
13500,"улица Минеева, 29",Нижний Новгород,900,15,Универсальное помещение,https://nizhnij-novgorod.n1.ru/view/114829836/?open_card_kn
268800,"Ленина проспект, 31",Нижний Новгород,840,320,Универсальное помещение,https://nizhnij-novgorod.n1.ru/view/114813938/?open_card_kn
10000,"улица Шекспира, 1вд",Нижний Новгород,434,23,Универсальное помещение,https://nizhnij-novgorod.n1.ru/view/115864087/?open_card_kn
397500,"улица Родионова, 31",Нижний Новгород,2500,159,Универсальное помещение,https://nizhnij-novgorod.n1.ru/view/115513888/?open_card_kn
662750,"улица Родионова, 31",Нижний Новгород,2500,265,Универсальное помещение,https://nizhnij-novgorod.n1.ru/view/115513887/?open_card_kn
50000,"улица Безводная, 14в",Нижний Новгород,555,90,Универсальное помещение,https://nizhnij-novgorod.n1.ru/view/115159858/?open_card_kn
85000,"улица Родионова, 167д",Нижний Новгород,100,850,Универсальное помещение,https://nizhnij-novgorod.n1.ru/view/114433359/?open_card_kn
62100,"Бурнаковский проезд, 1",Нижний Новгород,690,90,Универсальное помещение,https://nizhnij-novgorod.n1.ru/view/115149619/?open_card_kn
60000,"улица Большая Печерская, 26",Нижний Новгород,1574,38,Универсальное помещение,https://nizhnij-novgorod.n1.ru/view/115149614/?open_card_kn
130000,"улица Надежды Сусловой, 26",Нижний Новгород,810,160,Универсальное помещение,https://nizhnij-novgorod.n1.ru/view/115146156/?open_card_kn
321300,"улица Коминтерна, 166",Нижний Новгород,1000,321,Универсальное помещение,https://nizhnij-novgorod.n1.ru/view/114429370/?open_card_kn
168000,"улица Чкалова, 13",Нижний Новгород,1200,140,Универсальное помещение,https://nizhnij-novgorod.n1.ru/view/113355276/?open_card_kn
250000,"улица Баррикад, 1",Нижний Новгород,542,460,Универсальное помещение,https://nizhnij-novgorod.n1.ru/view/115139265/?open_card_kn
127500,"улица Костина, 9",Нижний Новгород,1500,85,Универсальное помещение,https://nizhnij-novgorod.n1.ru/view/115139263/?open_card_kn
99000,"улица Победная, 14",Нижний Новгород,578,171,Универсальное помещение,https://nizhnij-novgorod.n1.ru/view/115486908/?open_card_kn
17000,"улица Норвежская, 33",Нижний Новгород,1931,8,Универсальное помещение,https://nizhnij-novgorod.n1.ru/view/115833581/?open_card_kn
120000,"улица Героя Советского Союза Аристархова, 2",Нижний Новгород,1363,88,Универсальное помещение,https://nizhnij-novgorod.n1.ru/view/115833542/?open_card_kn
46167,"Мещерский бульвар, 11",Нижний Новгород,1399,33,Универсальное помещение,https://nizhnij-novgorod.n1.ru/view/115833541/?open_card_kn
60480,"улица Профинтерна, 7а",Нижний Новгород,800,75,Универсальное помещение,https://nizhnij-novgorod.n1.ru/view/114064290/?open_card_kn
120000,"улица Им. О. Чачиной, 39",Нижний Новгород,541,221,Универсальное помещение,https://nizhnij-novgorod.n1.ru/view/115833536/?open_card_kn
390000,"улица Июльских Дней, 1",Нижний Новгород,1189,328,Универсальное помещение,https://nizhnij-novgorod.n1.ru/view/113344560/?open_card_kn
70000,"улица Коммунистическая, 2",Нижний Новгород,654,107,Универсальное помещение,https://nizhnij-novgorod.n1.ru/view/113344554/?open_card_kn
16000,"улица Чаадаева, 5д",Нижний Новгород,837,19,Универсальное помещение,https://nizhnij-novgorod.n1.ru/view/114060249/?open_card_kn
12000,"улица Новые Пески, 1а",Нижний Новгород,1000,12,Универсальное помещение,https://nizhnij-novgorod.n1.ru/view/112944095/?open_card_kn
53200,"улица Героя Рябцева, 23",Нижний Новгород,1400,38,Универсальное помещение,https://nizhnij-novgorod.n1.ru/view/115825501/?open_card_kn
16670,"улица Героя Рябцева, 23",Нижний Новгород,1667,10,Универсальное помещение,https://nizhnij-novgorod.n1.ru/view/115824215/?open_card_kn
400171,"Московское шоссе, 4а",Нижний Новгород,1064,376,Универсальное помещение,https://nizhnij-novgorod.n1.ru/view/90196822/?open_card_kn
155200,"улица Краснозвездная, 23",Нижний Новгород,800,194,Универсальное помещение,https://nizhnij-novgorod.n1.ru/view/114054013/?open_card_kn
1925000,"улица Федосеенко, 64",Нижний Новгород,1100,1750,Универсальное помещение,https://nizhnij-novgorod.n1.ru/view/115823901/?open_card_kn
250000,"улица Звездинка, 9",Нижний Новгород,2577,97,Универсальное помещение,https://nizhnij-novgorod.n1.ru/view/115823899/?open_card_kn
300000,"улица Ильинская, 56а",Нижний Новгород,3000,100,Универсальное помещение,https://nizhnij-novgorod.n1.ru/view/115471514/?open_card_kn
140000,"улица Белинского, 32",Нижний Новгород,1272,110,Универсальное помещение,https://nizhnij-novgorod.n1.ru/view/115821206/?open_card_kn
447750,"улица Федосеенко, 54в",Нижний Новгород,750,597,Универсальное помещение,https://nizhnij-novgorod.n1.ru/view/115468021/?open_card_kn
35000,"улица Родниковая, 6",Нижний Новгород,425,82,Универсальное помещение,https://nizhnij-novgorod.n1.ru/view/114784469/?open_card_kn
38000,"улица Родионова, 192",Нижний Новгород,844,45,Универсальное помещение,https://nizhnij-novgorod.n1.ru/view/115818198/?open_card_kn
40660,"улица Гаугеля, 31",Нижний Новгород,190,214,Универсальное помещение,https://nizhnij-novgorod.n1.ru/view/115456426/?open_card_kn
191941,"улица Октябрьской Революции, 66",Нижний Новгород,1320,145,Универсальное помещение,https://nizhnij-novgorod.n1.ru/view/114774480/?open_card_kn
600000,"улица Баррикад, 1",Нижний Новгород,600,1000,Универсальное помещение,https://nizhnij-novgorod.n1.ru/view/114393541/?open_card_kn
315000,"улица Федосеенко, 64",Нижний Новгород,900,350,Универсальное помещение,https://nizhnij-novgorod.n1.ru/view/115812860/?open_card_kn
350000,"улица Родионова, 192в",Нижний Новгород,583,600,Универсальное помещение,https://nizhnij-novgorod.n1.ru/view/115812861/?open_card_kn
420000,"улица Федосеенко, 64",Нижний Новгород,1200,350,Универсальное помещение,https://nizhnij-novgorod.n1.ru/view/115812859/?open_card_kn
60000,"улица Космонавта Комарова, 7",Нижний Новгород,464,129,Универсальное помещение,https://nizhnij-novgorod.n1.ru/view/79716473/?open_card_kn
100000,"улица Алексеевская, 15",Нижний Новгород,555,180,Универсальное помещение,https://nizhnij-novgorod.n1.ru/view/115809085/?open_card_kn
200000,"Ленина проспект, 78",Нижний Новгород,1111,180,Универсальное помещение,https://nizhnij-novgorod.n1.ru/view/113310687/?open_card_kn
149985,"улица Студеная, 68а",Нижний Новгород,1111,135,Универсальное помещение,https://nizhnij-novgorod.n1.ru/view/114764189/?open_card_kn
79470,"улица Новикова-Прибоя, 4м",Нижний Новгород,900,88,Универсальное помещение,https://nizhnij-novgorod.n1.ru/view/112509604/?open_card_kn
105000,"Южное шоссе, 16г",Нижний Новгород,803,130,Универсальное помещение,https://nizhnij-novgorod.n1.ru/view/112509599/?open_card_kn
154700,"улица Черняховского, 2",Нижний Новгород,650,238,Универсальное помещение,https://nizhnij-novgorod.n1.ru/view/112509595/?open_card_kn
63360,"улица Зеленодольская, 100",Нижний Новгород,600,105,Универсальное помещение,https://nizhnij-novgorod.n1.ru/view/113301629/?open_card_kn
60000,"улица Украинская, 48",Нижний Новгород,346,173,Универсальное помещение,https://nizhnij-novgorod.n1.ru/view/115109838/?open_card_kn
100000,"улица Минина, 22",Нижний Новгород,1351,74,Универсальное помещение,https://nizhnij-novgorod.n1.ru/view/115796211/?open_card_kn
215000,"улица Большая Покровская, 7",Нижний Новгород,1295,166,Универсальное помещение,https://nizhnij-novgorod.n1.ru/view/115796210/?open_card_kn
38000,"Союзный проспект, 2б",Нижний Новгород,540,70,Универсальное помещение,https://nizhnij-novgorod.n1.ru/view/115793027/?open_card_kn
38000,"улица Борская, 30",Нижний Новгород,950,40,Универсальное помещение,https://nizhnij-novgorod.n1.ru/view/115793025/?open_card_kn
100000,"улица Академика Сахарова, 103а",Нижний Новгород,1960,51,Универсальное помещение,https://nizhnij-novgorod.n1.ru/view/115787191/?open_card_kn
325000,"улица Белинского, 64",Нижний Новгород,1300,250,Универсальное помещение,https://nizhnij-novgorod.n1.ru/view/112483089/?open_card_kn
60000,"улица Марата, 51",Нижний Новгород,222,270,Универсальное помещение,https://nizhnij-novgorod.n1.ru/view/110998335/?open_card_kn
25000,"Южное шоссе, 2а",Нижний Новгород,263,95,Универсальное помещение,https://nizhnij-novgorod.n1.ru/view/115784853/?open_card_kn
50000,"Московское шоссе, 33",Нижний Новгород,574,87,Универсальное помещение,https://nizhnij-novgorod.n1.ru/view/115784849/?open_card_kn
135000,"улица Черняховского, 2",Нижний Новгород,655,206,Универсальное помещение,https://nizhnij-novgorod.n1.ru/view/112462797/?open_card_kn
60000,"улица Новая, 55б",Нижний Новгород,327,183,Универсальное помещение,https://nizhnij-novgorod.n1.ru/view/115083277/?open_card_kn
264000,"Свободы площадь, 2а",Нижний Новгород,1200,220,Универсальное помещение,https://nizhnij-novgorod.n1.ru/view/113679441/?open_card_kn
44150,"улица Варварская, 32",Нижний Новгород,500,88,Универсальное помещение,https://nizhnij-novgorod.n1.ru/view/109692487/?open_card_kn
324000,"улица Варварская, 32",Нижний Новгород,400,810,Универсальное помещение,https://nizhnij-novgorod.n1.ru/view/109692485/?open_card_kn
81000,"улица Тимирязева, 9",Нижний Новгород,750,108,Универсальное помещение,https://nizhnij-novgorod.n1.ru/view/109251383/?open_card_kn
131075,"улица Луначарского, 10",Нижний Новгород,749,175,Универсальное помещение,https://nizhnij-novgorod.n1.ru/view/115080953/?open_card_kn
315000,"улица Львовская, 12а",Нижний Новгород,700,450,Универсальное помещение,https://nizhnij-novgorod.n1.ru/view/114722946/?open_card_kn
1116000,"улица Кулибина, 3",Нижний Новгород,1200,930,Универсальное помещение,https://nizhnij-novgorod.n1.ru/view/115423993/?open_card_kn
70000,"улица Страж Революции, 17",Нижний Новгород,1400,50,Универсальное помещение,https://nizhnij-novgorod.n1.ru/view/115066237/?open_card_kn
428400,"Сенная площадь, 6",Нижний Новгород,1700,252,Универсальное помещение,https://nizhnij-novgorod.n1.ru/view/115417136/?open_card_kn
123742,"улица Родионова, 17",Нижний Новгород,1900,65,Универсальное помещение,https://nizhnij-novgorod.n1.ru/view/113653900/?open_card_kn
166400,"проспект Владимира Лузянина, 1",Нижний Новгород,1300,128,Универсальное помещение,https://nizhnij-novgorod.n1.ru/view/109671255/?open_card_kn
265500,"улица Большая Печерская, 11",Нижний Новгород,900,295,Универсальное помещение,https://nizhnij-novgorod.n1.ru/view/115061355/?open_card_kn
140000,"улица Гордеевская, 8",Нижний Новгород,1158,120,Универсальное помещение,https://nizhnij-novgorod.n1.ru/view/114355630/?open_card_kn
105000,"улица Плотникова, 5",Нижний Новгород,700,150,Универсальное помещение,https://nizhnij-novgorod.n1.ru/view/115412662/?open_card_kn
116440,"Свободы площадь, 2а",Нижний Новгород,399,291,Универсальное помещение,https://nizhnij-novgorod.n1.ru/view/114351284/?open_card_kn
192000,"улица Юлиуса Фучика, 13",Нижний Новгород,800,240,Универсальное помещение,https://nizhnij-novgorod.n1.ru/view/113983993/?open_card_kn
30000,"улица Варварская, 14",Нижний Новгород,375,80,Универсальное помещение,https://nizhnij-novgorod.n1.ru/view/109653272/?open_card_kn
263860,"улица Культуры, 113",Нижний Новгород,823,320,Универсальное помещение,https://nizhnij-novgorod.n1.ru/view/115761724/?open_card_kn
49400,"улица Белозерская, 1а",Нижний Новгород,650,76,Универсальное помещение,https://nizhnij-novgorod.n1.ru/view/114342508/?open_card_kn
40000,"Ленина проспект, 28",Нижний Новгород,500,80,Универсальное помещение,https://nizhnij-novgorod.n1.ru/view/107143553/?open_card_kn
60000,"улица Грузинская, 4",Нижний Новгород,1000,60,Универсальное помещение,https://nizhnij-novgorod.n1.ru/view/114342507/?open_card_kn
5245200,"улица Большая Покровская, 18",Нижний Новгород,2350,2232,Универсальное помещение,https://nizhnij-novgorod.n1.ru/view/115044028/?open_card_kn
88900,"улица Верхне-Печерская, 8б",Нижний Новгород,700,127,Универсальное помещение,https://nizhnij-novgorod.n1.ru/view/114339991/?open_card_kn
56000,"улица Бекетова, 3а",Нижний Новгород,800,70,Универсальное помещение,https://nizhnij-novgorod.n1.ru/view/114339988/?open_card_kn
50000,"Ленина проспект, 87",Нижний Новгород,210,237,Универсальное помещение,https://nizhnij-novgorod.n1.ru/view/115756194/?open_card_kn
2000,"Ленина проспект, 20",Нижний Новгород,27,72,Универсальное помещение,https://nizhnij-novgorod.n1.ru/view/115039973/?open_card_kn
121000,"улица Монастырка, 13",Нижний Новгород,550,220,Универсальное помещение,https://nizhnij-novgorod.n1.ru/view/115389920/?open_card_kn
119000,"улица Минина, 18б",Нижний Новгород,850,140,Универсальное помещение,https://nizhnij-novgorod.n1.ru/view/115389917/?open_card_kn
650000,"Казанское шоссе, 6",Нижний Новгород,650,1000,Универсальное помещение,https://nizhnij-novgorod.n1.ru/view/114330023/?open_card_kn
2160000,"улица Нестерова, 7",Нижний Новгород,1200,1800,Универсальное помещение,https://nizhnij-novgorod.n1.ru/view/107890824/?open_card_kn
105000,"улица Минина, 18б",Нижний Новгород,750,140,Универсальное помещение,https://nizhnij-novgorod.n1.ru/view/115388540/?open_card_kn
59940,"улица Шлиссельбургская, 1",Нижний Новгород,333,180,Универсальное помещение,https://nizhnij-novgorod.n1.ru/view/114327614/?open_card_kn
195000,"улица Куйбышева, 53а",Нижний Новгород,658,296,Универсальное помещение,https://nizhnij-novgorod.n1.ru/view/114324800/?open_card_kn
90000,"улица Черняховского, 2",Нижний Новгород,647,139,Универсальное помещение,https://nizhnij-novgorod.n1.ru/view/112429777/?open_card_kn
44000,"улица Черняховского, 2",Нижний Новгород,656,67,Универсальное помещение,https://nizhnij-novgorod.n1.ru/view/112429416/?open_card_kn
70000,"улица Вокзальная, 20",Нижний Новгород,1166,60,Универсальное помещение,https://nizhnij-novgorod.n1.ru/view/115734436/?open_card_kn
110000,"улица Пискунова, 24",Нижний Новгород,1358,81,Универсальное помещение,https://nizhnij-novgorod.n1.ru/view/115734435/?open_card_kn
150000,"улица Правдинская, 43",Нижний Новгород,1133,132,Универсальное помещение,https://nizhnij-novgorod.n1.ru/view/115734433/?open_card_kn
100800,"улица Юбилейная, 2",Нижний Новгород,900,112,Универсальное помещение,https://nizhnij-novgorod.n1.ru/view/114317517/?open_card_kn
160000,"улица Гвардейцев, 9",Нижний Новгород,800,200,Универсальное помещение,https://nizhnij-novgorod.n1.ru/view/114685452/?open_card_kn
50000,"улица Ошарская, 7",Нижний Новгород,1000,50,Универсальное помещение,https://nizhnij-novgorod.n1.ru/view/115730043/?open_card_kn
306000,"улица Ларина, 13",Нижний Новгород,600,510,Универсальное помещение,https://nizhnij-novgorod.n1.ru/view/115369216/?open_card_kn
3243000,"улица Большая Покровская, 18а",Нижний Новгород,2300,1410,Универсальное помещение,https://nizhnij-novgorod.n1.ru/view/115369214/?open_card_kn
142800,"улица Славянская, 23а",Нижний Новгород,1190,120,Универсальное помещение,https://nizhnij-novgorod.n1.ru/view/115727342/?open_card_kn
200000,"улица Невзоровых, 64",Нижний Новгород,1409,141,Универсальное помещение,https://nizhnij-novgorod.n1.ru/view/115727339/?open_card_kn
60000,"улица Карла Маркса, 19",Нижний Новгород,666,90,Универсальное помещение,https://nizhnij-novgorod.n1.ru/view/110482356/?open_card_kn
90000,"улица Ульянова, 12",Нижний Новгород,900,100,Универсальное помещение,https://nizhnij-novgorod.n1.ru/view/113212940/?open_card_kn
142549,"улица Путейская, 30",Нижний Новгород,750,190,Универсальное помещение,https://nizhnij-novgorod.n1.ru/view/112420693/?open_card_kn
120000,"Ленина проспект, 61",Нижний Новгород,600,200,Универсальное помещение,https://nizhnij-novgorod.n1.ru/view/115026000/?open_card_kn
35000,"Ленина проспект, 61",Нижний Новгород,500,70,Универсальное помещение,https://nizhnij-novgorod.n1.ru/view/115025999/?open_card_kn
100000,"Ленина проспект, 61",Нижний Новгород,500,200,Универсальное помещение,https://nizhnij-novgorod.n1.ru/view/115025997/?open_card_kn
120000,"улица Бекетова, 3а 19",Нижний Новгород,800,150,Универсальное помещение,https://nizhnij-novgorod.n1.ru/view/115721361/?open_card_kn
180000,"улица Минина, 41",Нижний Новгород,649,277,Универсальное помещение,https://nizhnij-novgorod.n1.ru/view/115717760/?open_card_kn
98000,"улица Деловая, 20а",Нижний Новгород,1400,70,Универсальное помещение,https://nizhnij-novgorod.n1.ru/view/115717759/?open_card_kn
70000,"улица Родионова, 202",Нижний Новгород,1230,56,Универсальное помещение,https://nizhnij-novgorod.n1.ru/view/114300279/?open_card_kn
630500,"Казанское шоссе, 6",Нижний Новгород,650,970,Универсальное помещение,https://nizhnij-novgorod.n1.ru/view/115024056/?open_card_kn
65000,"улица Менделеева, 15а",Нижний Новгород,596,109,Универсальное помещение,https://nizhnij-novgorod.n1.ru/view/109161596/?open_card_kn
29000,"Бойновский переулок, 17а",Нижний Новгород,906,32,Универсальное помещение,https://nizhnij-novgorod.n1.ru/view/114656209/?open_card_kn
40000,"улица Максима Горького, 113",Нижний Новгород,533,75,Универсальное помещение,https://nizhnij-novgorod.n1.ru/view/113930301/?open_card_kn
504000,"улица Народная, 41г",Нижний Новгород,1400,360,Универсальное помещение,https://nizhnij-novgorod.n1.ru/view/115707859/?open_card_kn
711000,"улица Гоголя, 14а",Нижний Новгород,2799,254,Универсальное помещение,https://nizhnij-novgorod.n1.ru/view/115707856/?open_card_kn
1235000,"проспект Героев Донбасса, 23а",Нижний Новгород,950,1300,Универсальное помещение,https://nizhnij-novgorod.n1.ru/view/115700729/?open_card_kn
60000,"Октября проспект, 13",Нижний Новгород,1880,31,Универсальное помещение,https://nizhnij-novgorod.n1.ru/view/112117915/?open_card_kn
49950,"Ленина проспект, 87",Нижний Новгород,333,150,Универсальное помещение,https://nizhnij-novgorod.n1.ru/view/115694176/?open_card_kn
110000,"улица Перекопская, 3",Нижний Новгород,1390,79,Универсальное помещение,https://nizhnij-novgorod.n1.ru/view/115346165/?open_card_kn
217815,"улица Юлиуса Фучика, 27",Нижний Новгород,650,335,Универсальное помещение,https://nizhnij-novgorod.n1.ru/view/114998835/?open_card_kn
349305,"улица Юлиуса Фучика, 27",Нижний Новгород,550,635,Универсальное помещение,https://nizhnij-novgorod.n1.ru/view/113902050/?open_card_kn
390500,"улица Плотникова, 5",Нижний Новгород,500,781,Универсальное помещение,https://nizhnij-novgorod.n1.ru/view/113902043/?open_card_kn
95040,"улица Октябрьской Революции, 18",Нижний Новгород,1188,80,Универсальное помещение,https://nizhnij-novgorod.n1.ru/view/114987969/?open_card_kn
650000,"улица им Федоровского набережная, 8",Нижний Новгород,1300,500,Универсальное помещение,https://nizhnij-novgorod.n1.ru/view/115334685/?open_card_kn
72300,"Комсомольское шоссе, 3б",Нижний Новгород,800,90,Универсальное помещение,https://nizhnij-novgorod.n1.ru/view/114985665/?open_card_kn
16885,"улица Шлиссельбургская, 1",Нижний Новгород,550,30,Универсальное помещение,https://nizhnij-novgorod.n1.ru/view/113175262/?open_card_kn
360000,"улица Торфяная, 34",Нижний Новгород,120,3000,Универсальное помещение,https://nizhnij-novgorod.n1.ru/view/112359142/?open_card_kn
60000,"улица Родионова, 192",Нижний Новгород,1000,60,Универсальное помещение,https://nizhnij-novgorod.n1.ru/view/112359134/?open_card_kn
119000,"улица Магистральная, 136е",Нижний Новгород,700,170,Универсальное помещение,https://nizhnij-novgorod.n1.ru/view/115679858/?open_card_kn
111000,"улица Гск Кузнечиха территория, 60",Нижний Новгород,641,173,Универсальное помещение,https://nizhnij-novgorod.n1.ru/view/115679851/?open_card_kn
450000,"улица Нестерова, 22",Нижний Новгород,1562,288,Универсальное помещение,https://nizhnij-novgorod.n1.ru/view/113879897/?open_card_kn
75000,"улица Гордеевская, 104",Нижний Новгород,454,165,Универсальное помещение,https://nizhnij-novgorod.n1.ru/view/113155676/?open_card_kn
336000,"улица Большая Печерская, 55",Нижний Новгород,1200,280,Универсальное помещение,https://nizhnij-novgorod.n1.ru/view/113154717/?open_card_kn
498065,"Кирова проспект, 2а",Нижний Новгород,1150,433,Универсальное помещение,https://nizhnij-novgorod.n1.ru/view/115301139/?open_card_kn
120000,"улица Белозерская, 6",Нижний Новгород,1411,85,Универсальное помещение,https://nizhnij-novgorod.n1.ru/view/115295196/?open_card_kn
2090000,"Комсомольское шоссе, 6",Нижний Новгород,1100,1900,Универсальное помещение,https://nizhnij-novgorod.n1.ru/view/113534974/?open_card_kn
100000,"улица Узбекская, 13",Нижний Новгород,2380,42,Универсальное помещение,https://nizhnij-novgorod.n1.ru/view/114217565/?open_card_kn
200000,"улица Почаинская, 2",Нижний Новгород,1000,200,Универсальное помещение,https://nizhnij-novgorod.n1.ru/view/110362182/?open_card_kn
135265,"улица Ванеева, 199",Нижний Новгород,650,208,Универсальное помещение,https://nizhnij-novgorod.n1.ru/view/110362166/?open_card_kn
59500,"улица Долгополова, 50",Нижний Новгород,700,85,Универсальное помещение,https://nizhnij-novgorod.n1.ru/view/110840535/?open_card_kn
80000,"улица Гвардейцев, 9",Нижний Новгород,800,100,Универсальное помещение,https://nizhnij-novgorod.n1.ru/view/115290296/?open_card_kn
800000,"улица Большая Печерская, 19",Нижний Новгород,1000,800,Универсальное помещение,https://nizhnij-novgorod.n1.ru/view/115644868/?open_card_kn
463200,"улица Березовская, 104г",Нижний Новгород,1200,386,Универсальное помещение,https://nizhnij-novgorod.n1.ru/view/83301767/?open_card_kn
350000,"улица Березовская, 104г",Нижний Новгород,700,500,Универсальное помещение,https://nizhnij-novgorod.n1.ru/view/83301105/?open_card_kn
1981200,"улица Баррикад, 1",Нижний Новгород,650,3048,Универсальное помещение,https://nizhnij-novgorod.n1.ru/view/114576458/?open_card_kn
47000,"улица Куйбышева, 24",Нижний Новгород,940,50,Универсальное помещение,https://nizhnij-novgorod.n1.ru/view/115638332/?open_card_kn
20000,"улица Федосеенко, 57",Нижний Новгород,571,35,Универсальное помещение,https://nizhnij-novgorod.n1.ru/view/115638334/?open_card_kn
30000,"улица Чаадаева, 5д",Нижний Новгород,1260,23,Универсальное помещение,https://nizhnij-novgorod.n1.ru/view/115280994/?open_card_kn
55000,"улица Большая Печерская, 47б",Нижний Новгород,1000,55,Универсальное помещение,https://nizhnij-novgorod.n1.ru/view/113864960/?open_card_kn
132600,"улица Коминтерна, 99",Нижний Новгород,1200,110,Универсальное помещение,https://nizhnij-novgorod.n1.ru/view/108548190/?open_card_kn
54000,"Гагарина проспект, 50",Нижний Новгород,900,60,Универсальное помещение,https://nizhnij-novgorod.n1.ru/view/114948989/?open_card_kn
44275,"улица Варварская, 32",Нижний Новгород,550,80,Универсальное помещение,https://nizhnij-novgorod.n1.ru/view/77425914/?open_card_kn
4444000,"улица Большая Покровская, 18а",Нижний Новгород,2000,2222,Универсальное помещение,https://nizhnij-novgorod.n1.ru/view/77425616/?open_card_kn
9875,"улица Варварская, 32",Нижний Новгород,250,39,Универсальное помещение,https://nizhnij-novgorod.n1.ru/view/77425378/?open_card_kn
151200,"улица Белинского, 66",Нижний Новгород,1400,108,Универсальное помещение,https://nizhnij-novgorod.n1.ru/view/77415854/?open_card_kn
2518000,"улица Большая Покровская, 18а",Нижний Новгород,2000,1259,Универсальное помещение,https://nizhnij-novgorod.n1.ru/view/77414649/?open_card_kn
100000,"Ленина проспект, 2",Нижний Новгород,423,236,Универсальное помещение,https://nizhnij-novgorod.n1.ru/view/77392739/?open_card_kn
63000,"улица Долгополова, 50",Нижний Новгород,750,84,Универсальное помещение,https://nizhnij-novgorod.n1.ru/view/77388766/?open_card_kn
2035935,"улица Большая Покровская, 18а",Нижний Новгород,2750,740,Универсальное помещение,https://nizhnij-novgorod.n1.ru/view/77388735/?open_card_kn
699000,"улица Торфяная, 35",Нижний Новгород,122,5720,Универсальное помещение,https://nizhnij-novgorod.n1.ru/view/114555251/?open_card_kn
65000,"улица Кировская, 16",Нижний Новгород,657,98,Универсальное помещение,https://nizhnij-novgorod.n1.ru/view/115625828/?open_card_kn
95000,"улица Яблоневая, 28",Нижний Новгород,1000,95,Универсальное помещение,https://nizhnij-novgorod.n1.ru/view/112323785/?open_card_kn
44750,"Ленина проспект, 10",Нижний Новгород,250,179,Универсальное помещение,https://nizhnij-novgorod.n1.ru/view/113504746/?open_card_kn
212000,"улица Варварская, 6а",Нижний Новгород,1000,212,Универсальное помещение,https://nizhnij-novgorod.n1.ru/view/115617668/?open_card_kn
660000,"улица Ильинская, 55",Нижний Новгород,1500,440,Универсальное помещение,https://nizhnij-novgorod.n1.ru/view/114934681/?open_card_kn
41580,"улица Верхне-Печерская слобода, 14",Нижний Новгород,900,46,Универсальное помещение,https://nizhnij-novgorod.n1.ru/view/114934676/?open_card_kn
30000,"улица Карла Маркса, 20",Нижний Новгород,1875,16,Универсальное помещение,https://nizhnij-novgorod.n1.ru/view/115611180/?open_card_kn
517500,"улица Белинского, 11",Нижний Новгород,1150,450,Универсальное помещение,https://nizhnij-novgorod.n1.ru/view/109497306/?open_card_kn
150075,"улица Бекетова, 42",Нижний Новгород,725,207,Универсальное помещение,https://nizhnij-novgorod.n1.ru/view/114922373/?open_card_kn
104000,"Южное шоссе, 43",Нижний Новгород,650,160,Универсальное помещение,https://nizhnij-novgorod.n1.ru/view/115265704/?open_card_kn
57360,"улица Ванеева, 21",Нижний Новгород,1200,47,Универсальное помещение,https://nizhnij-novgorod.n1.ru/view/114922346/?open_card_kn
310830,"Южное шоссе, 43",Нижний Новгород,650,478,Универсальное помещение,https://nizhnij-novgorod.n1.ru/view/115265700/?open_card_kn
206700,"Южное шоссе, 43",Нижний Новгород,650,318,Универсальное помещение,https://nizhnij-novgorod.n1.ru/view/115265699/?open_card_kn
77800,"Ленина проспект, 16б",Нижний Новгород,1000,77,Универсальное помещение,https://nizhnij-novgorod.n1.ru/view/110867468/?open_card_kn
125080,"улица Плотникова, 4",Нижний Новгород,400,312,Торговая площадь,https://nizhnij-novgorod.n1.ru/view/77384793/?open_card_kn
180000,"улица Коминтерна, 121",Нижний Новгород,900,200,Торговая площадь,https://nizhnij-novgorod.n1.ru/view/115258097/?open_card_kn
210039,"улица Белинского, 36",Нижний Новгород,1348,155,Торговая площадь,https://nizhnij-novgorod.n1.ru/view/112650286/?open_card_kn
840000,"улица Краснодонцев, 10",Нижний Новгород,1600,525,Торговая площадь,https://nizhnij-novgorod.n1.ru/view/113825399/?open_card_kn
750000,"улица Новая, 51",Нижний Новгород,2542,295,Торговая площадь,https://nizhnij-novgorod.n1.ru/view/115941961/?open_card_kn
264000,"улица Соревнования, 8",Нижний Новгород,1235,213,Торговая площадь,https://nizhnij-novgorod.n1.ru/view/115941919/?open_card_kn
928800,"Кирова проспект, 2а",Нижний Новгород,1200,774,Торговая площадь,https://nizhnij-novgorod.n1.ru/view/107757242/?open_card_kn
308400,"Кирова проспект, 2а",Нижний Новгород,1200,257,Торговая площадь,https://nizhnij-novgorod.n1.ru/view/107757233/?open_card_kn
145440,"Кирова проспект, 2а",Нижний Новгород,1201,121,Торговая площадь,https://nizhnij-novgorod.n1.ru/view/107757228/?open_card_kn
122400,"улица Максима Горького, 144",Нижний Новгород,1700,72,Торговая площадь,https://nizhnij-novgorod.n1.ru/view/112275480/?open_card_kn
100000,"улица Алексеевская, 8а/1",Нижний Новгород,1408,71,Торговая площадь,https://nizhnij-novgorod.n1.ru/view/115932445/?open_card_kn
2249500,"улица Большая Покровская, 18а",Нижний Новгород,2750,818,Торговая площадь,https://nizhnij-novgorod.n1.ru/view/114894310/?open_card_kn
286500,"Южное шоссе, 43а",Нижний Новгород,600,477,Торговая площадь,https://nizhnij-novgorod.n1.ru/view/106488252/?open_card_kn
110000,"улица Карла Маркса, 18",Нижний Новгород,1641,67,Торговая площадь,https://nizhnij-novgorod.n1.ru/view/115591499/?open_card_kn
388800,"Южное шоссе, 43а",Нижний Новгород,1501,259,Торговая площадь,https://nizhnij-novgorod.n1.ru/view/106488245/?open_card_kn
75000,"Южное шоссе, 43а",Нижний Новгород,1973,38,Торговая площадь,https://nizhnij-novgorod.n1.ru/view/106488242/?open_card_kn
47000,"улица Куйбышева, 24",Нижний Новгород,940,50,Торговая площадь,https://nizhnij-novgorod.n1.ru/view/115588095/?open_card_kn
454000,"улица Совнаркомовская, 28",Нижний Новгород,800,567,Торговая площадь,https://nizhnij-novgorod.n1.ru/view/115216500/?open_card_kn
35280,"улица Чаадаева, 5д",Нижний Новгород,700,50,Торговая площадь,https://nizhnij-novgorod.n1.ru/view/115216493/?open_card_kn
460480,"улица Совнаркомовская, 28",Нижний Новгород,800,575,Торговая площадь,https://nizhnij-novgorod.n1.ru/view/115212865/?open_card_kn
999755,"улица Новая, 51",Нижний Новгород,3389,295,Торговая площадь,https://nizhnij-novgorod.n1.ru/view/114882494/?open_card_kn
40000,"улица Бекетова, 3а 19",Нижний Новгород,1000,40,Торговая площадь,https://nizhnij-novgorod.n1.ru/view/114172092/?open_card_kn
110000,"Московское шоссе, 82",Нижний Новгород,674,163,Торговая площадь,https://nizhnij-novgorod.n1.ru/view/112634950/?open_card_kn
144000,"улица Родионова, 15",Нижний Новгород,2000,72,Торговая площадь,https://nizhnij-novgorod.n1.ru/view/114164937/?open_card_kn
82800,"улица Родионова, 15",Нижний Новгород,2000,41,Торговая площадь,https://nizhnij-novgorod.n1.ru/view/114164936/?open_card_kn
140000,"улица Родионова, 191",Нижний Новгород,1115,125,Торговая площадь,https://nizhnij-novgorod.n1.ru/view/115567177/?open_card_kn
200000,"улица Белинского, 36",Нижний Новгород,1284,155,Торговая площадь,https://nizhnij-novgorod.n1.ru/view/115567173/?open_card_kn
130000,"улица Веденяпина, 14",Нижний Новгород,1857,70,Торговая площадь,https://nizhnij-novgorod.n1.ru/view/115567174/?open_card_kn
70000,"Юбилейный бульвар, 7",Нижний Новгород,1000,70,Торговая площадь,https://nizhnij-novgorod.n1.ru/view/115567175/?open_card_kn
650000,"улица Коминтерна, 121",Нижний Новгород,1000,650,Торговая площадь,https://nizhnij-novgorod.n1.ru/view/115563998/?open_card_kn
135575,"Гагарина проспект, 144",Нижний Новгород,2750,49,Торговая площадь,https://nizhnij-novgorod.n1.ru/view/115914120/?open_card_kn
51240,"улица Гордеевская, 8",Нижний Новгород,1400,36,Торговая площадь,https://nizhnij-novgorod.n1.ru/view/115163716/?open_card_kn
2023500,"улица Ошарская, 95",Нижний Новгород,950,2130,Торговая площадь,https://nizhnij-novgorod.n1.ru/view/115163704/?open_card_kn
25000,"Октября проспект, 12",Нижний Новгород,5000,5,Торговая площадь,https://nizhnij-novgorod.n1.ru/view/115162868/?open_card_kn
25000,"Октября проспект, 12в",Нижний Новгород,5000,5,Торговая площадь,https://nizhnij-novgorod.n1.ru/view/115162275/?open_card_kn
90000,"улица Героя Советского Союза Аристархова, 7",Нижний Новгород,1914,47,Торговая площадь,https://nizhnij-novgorod.n1.ru/view/115913592/?open_card_kn
65000,"улица Чаадаева, 5д",Нижний Новгород,594,109,Торговая площадь,https://nizhnij-novgorod.n1.ru/view/115555553/?open_card_kn
340000,"улица Веденяпина, 14а",Нижний Новгород,1000,340,Торговая площадь,https://nizhnij-novgorod.n1.ru/view/115555554/?open_card_kn
93000,"улица Чаадаева, 22",Нижний Новгород,1000,93,Торговая площадь,https://nizhnij-novgorod.n1.ru/view/115552866/?open_card_kn
120000,"улица Чаадаева, 22",Нижний Новгород,1000,120,Торговая площадь,https://nizhnij-novgorod.n1.ru/view/115552862/?open_card_kn
39600,"Юбилейный бульвар, 7",Нижний Новгород,1200,33,Торговая площадь,https://nizhnij-novgorod.n1.ru/view/115552689/?open_card_kn
45000,"улица Дьяконова, 24а",Нижний Новгород,3000,15,Торговая площадь,https://nizhnij-novgorod.n1.ru/view/115552687/?open_card_kn
770400,"улица Плотникова, 5",Нижний Новгород,1200,642,Торговая площадь,https://nizhnij-novgorod.n1.ru/view/115552682/?open_card_kn
67830,"Ленина проспект, 47",Нижний Новгород,2100,32,Торговая площадь,https://nizhnij-novgorod.n1.ru/view/115552685/?open_card_kn
231000,"улица Чаадаева, 22",Нижний Новгород,700,330,Торговая площадь,https://nizhnij-novgorod.n1.ru/view/115552686/?open_card_kn
672000,"Гагарина проспект, 178а",Нижний Новгород,800,840,Торговая площадь,https://nizhnij-novgorod.n1.ru/view/114484608/?open_card_kn
440000,"улица Вокзальная, 26",Нижний Новгород,800,550,Торговая площадь,https://nizhnij-novgorod.n1.ru/view/115552039/?open_card_kn
10000,"улица Чаадаева, 5д",Нижний Новгород,2000,5,Торговая площадь,https://nizhnij-novgorod.n1.ru/view/115552041/?open_card_kn
168000,"улица Сазанова, 2",Нижний Новгород,1200,140,Торговая площадь,https://nizhnij-novgorod.n1.ru/view/113027621/?open_card_kn
203880,"Ленина проспект, 28",Нижний Новгород,1200,169,Торговая площадь,https://nizhnij-novgorod.n1.ru/view/115552035/?open_card_kn
500000,"улица Большая Покровская, 51а",Нижний Новгород,1210,413,Торговая площадь,https://nizhnij-novgorod.n1.ru/view/115552031/?open_card_kn
45001,"улица Верхне-Печерская, 14",Нижний Новгород,1147,39,Торговая площадь,https://nizhnij-novgorod.n1.ru/view/114872149/?open_card_kn
1050000,"улица Зайцева, 31",Нижний Новгород,600,1750,Торговая площадь,https://nizhnij-novgorod.n1.ru/view/115546736/?open_card_kn
737000,"улица Луговая, 30",Нижний Новгород,1100,670,Торговая площадь,https://nizhnij-novgorod.n1.ru/view/115545910/?open_card_kn
80000,"улица Октябрьской Революции, 64",Нижний Новгород,1467,54,Торговая площадь,https://nizhnij-novgorod.n1.ru/view/115901948/?open_card_kn
55000,"улица Ижорская, 3",Нижний Новгород,1455,37,Торговая площадь,https://nizhnij-novgorod.n1.ru/view/115899875/?open_card_kn
200000,"улица Культуры, 4",Нижний Новгород,555,360,Торговая площадь,https://nizhnij-novgorod.n1.ru/view/114867017/?open_card_kn
150000,"улица Максима Горького, 80",Нижний Новгород,2941,51,Торговая площадь,https://nizhnij-novgorod.n1.ru/view/115891757/?open_card_kn
120000,"улица Лескова, 2",Нижний Новгород,1714,70,Торговая площадь,https://nizhnij-novgorod.n1.ru/view/115890281/?open_card_kn
112500,"улица Максима Горького, 148",Нижний Новгород,2500,45,Торговая площадь,https://nizhnij-novgorod.n1.ru/view/115890280/?open_card_kn
180000,"улица Мельникова, 25",Нижний Новгород,900,200,Торговая площадь,https://nizhnij-novgorod.n1.ru/view/115887911/?open_card_kn
105800,"улица Бекетова, 15",Нижний Новгород,1000,105,Торговая площадь,https://nizhnij-novgorod.n1.ru/view/114470329/?open_card_kn
825700,"Ленина проспект, 78",Нижний Новгород,2300,359,Торговая площадь,https://nizhnij-novgorod.n1.ru/view/115884456/?open_card_kn
267000,"Кирова проспект, 2а",Нижний Новгород,1000,267,Торговая площадь,https://nizhnij-novgorod.n1.ru/view/115879472/?open_card_kn
5287500,"улица Большая Покровская, 18а",Нижний Новгород,2350,2250,Торговая площадь,https://nizhnij-novgorod.n1.ru/view/113399333/?open_card_kn
2760000,"Комсомольская площадь, 2",Нижний Новгород,1200,2300,Торговая площадь,https://nizhnij-novgorod.n1.ru/view/113393832/?open_card_kn
169000,"Кирова проспект, 2а",Нижний Новгород,1300,130,Торговая площадь,https://nizhnij-novgorod.n1.ru/view/113393830/?open_card_kn
126000,"улица Плотникова, 4а",Нижний Новгород,1800,70,Торговая площадь,https://nizhnij-novgorod.n1.ru/view/113393802/?open_card_kn
43700,"улица Варварская, 32",Нижний Новгород,500,87,Торговая площадь,https://nizhnij-novgorod.n1.ru/view/80552006/?open_card_kn
42750,"улица Деревообделочная, 2",Нижний Новгород,1900,22,Торговая площадь,https://nizhnij-novgorod.n1.ru/view/111098471/?open_card_kn
71500,"улица Алексеевская, 22",Нижний Новгород,1100,65,Торговая площадь,https://nizhnij-novgorod.n1.ru/view/113756266/?open_card_kn
60000,"улица Плотникова, 4а",Нижний Новгород,2000,30,Торговая площадь,https://nizhnij-novgorod.n1.ru/view/113380002/?open_card_kn
1045000,"улица Плотникова, 4а",Нижний Новгород,1900,550,Торговая площадь,https://nizhnij-novgorod.n1.ru/view/113379996/?open_card_kn
43200,"улица Плотникова, 4а",Нижний Новгород,2400,18,Торговая площадь,https://nizhnij-novgorod.n1.ru/view/113379990/?open_card_kn
950000,"улица Верхне-Волжская набережная, 2б",Нижний Новгород,3800,250,Торговая площадь,https://nizhnij-novgorod.n1.ru/view/109365199/?open_card_kn
75000,"улица Львовская, 7",Нижний Новгород,1666,45,Торговая площадь,https://nizhnij-novgorod.n1.ru/view/114104572/?open_card_kn
111980,"улица Оранжерейная 2-я, 4а",Нижний Новгород,1100,101,Торговая площадь,https://nizhnij-novgorod.n1.ru/view/111063713/?open_card_kn
50000,"Ленина проспект, 62а",Нижний Новгород,2000,25,Торговая площадь,https://nizhnij-novgorod.n1.ru/view/114092027/?open_card_kn
50000,"Революции площадь, 7а",Нижний Новгород,2500,20,Торговая площадь,https://nizhnij-novgorod.n1.ru/view/114092026/?open_card_kn
75000,"Ленина проспект, 76",Нижний Новгород,1500,50,Торговая площадь,https://nizhnij-novgorod.n1.ru/view/114092025/?open_card_kn
20000,"улица Пискунова, 36",Нижний Новгород,4000,5,Торговая площадь,https://nizhnij-novgorod.n1.ru/view/114092024/?open_card_kn
91500,"Московское шоссе, 9",Нижний Новгород,3050,30,Торговая площадь,https://nizhnij-novgorod.n1.ru/view/114092023/?open_card_kn
300000,"улица Ванеева, 181",Нижний Новгород,2189,137,Торговая площадь,https://nizhnij-novgorod.n1.ru/view/114092022/?open_card_kn
200000,"Ленина проспект, 42",Нижний Новгород,500,400,Торговая площадь,https://nizhnij-novgorod.n1.ru/view/115499579/?open_card_kn
115000,"улица Ижорская, 3",Нижний Новгород,1521,75,Торговая площадь,https://nizhnij-novgorod.n1.ru/view/115146127/?open_card_kn
254040,"Комсомольская площадь, 6",Нижний Новгород,1740,146,Торговая площадь,https://nizhnij-novgorod.n1.ru/view/114072650/?open_card_kn
160000,"улица Чаадаева, 22",Нижний Новгород,1428,112,Торговая площадь,https://nizhnij-novgorod.n1.ru/view/115836979/?open_card_kn
185000,"улица Белозерская, 1",Нижний Новгород,1088,170,Торговая площадь,https://nizhnij-novgorod.n1.ru/view/114421213/?open_card_kn
195600,"Кирова проспект, 2а",Нижний Новгород,1500,130,Торговая площадь,https://nizhnij-novgorod.n1.ru/view/115833583/?open_card_kn
320100,"улица Генерала Зимина, 26",Нижний Новгород,582,550,Торговая площадь,https://nizhnij-novgorod.n1.ru/view/114064293/?open_card_kn
180000,"улица Костина, 9",Нижний Новгород,1500,120,Торговая площадь,https://nizhnij-novgorod.n1.ru/view/115135769/?open_card_kn
60031,"Ленина проспект, 28",Нижний Новгород,694,86,Торговая площадь,https://nizhnij-novgorod.n1.ru/view/110166446/?open_card_kn
200000,"улица Сазанова, 2",Нижний Новгород,1000,200,Торговая площадь,https://nizhnij-novgorod.n1.ru/view/112944220/?open_card_kn
1237500,"Казанское шоссе, 6",Нижний Новгород,550,2250,Торговая площадь,https://nizhnij-novgorod.n1.ru/view/112944217/?open_card_kn
385000,"улица Юбилейная, 22",Нижний Новгород,700,550,Торговая площадь,https://nizhnij-novgorod.n1.ru/view/112944119/?open_card_kn
50000,"улица Никиты Рыбакова, 9",Нижний Новгород,1000,50,Торговая площадь,https://nizhnij-novgorod.n1.ru/view/115473722/?open_card_kn
68000,"Комсомольская площадь, 6",Нижний Новгород,1888,36,Торговая площадь,https://nizhnij-novgorod.n1.ru/view/79851383/?open_card_kn
300000,"улица Большая Покровская, 25",Нижний Новгород,692,433,Торговая площадь,https://nizhnij-novgorod.n1.ru/view/115468017/?open_card_kn
460000,"улица Совнаркомовская, 28",Нижний Новгород,800,575,Торговая площадь,https://nizhnij-novgorod.n1.ru/view/115818199/?open_card_kn
99450,"улица Деревообделочная, 2",Нижний Новгород,1500,66,Торговая площадь,https://nizhnij-novgorod.n1.ru/view/114404219/?open_card_kn
3320550,"улица Большая Покровская, 18а",Нижний Новгород,2350,1413,Торговая площадь,https://nizhnij-novgorod.n1.ru/view/113326471/?open_card_kn
30000,"улица Космическая, 52а",Нижний Новгород,1200,25,Торговая площадь,https://nizhnij-novgorod.n1.ru/view/111031064/?open_card_kn
195600,"Южное шоссе, 16г",Нижний Новгород,1200,163,Торговая площадь,https://nizhnij-novgorod.n1.ru/view/114393539/?open_card_kn
20000,"улица Тимирязева, 9",Нижний Новгород,3333,6,Торговая площадь,https://nizhnij-novgorod.n1.ru/view/114393538/?open_card_kn
990000,"улица Литвинова, 20",Нижний Новгород,900,1100,Торговая площадь,https://nizhnij-novgorod.n1.ru/view/114772473/?open_card_kn
90000,"улица Мечтателей, 5",Нижний Новгород,1500,60,Торговая площадь,https://nizhnij-novgorod.n1.ru/view/115809670/?open_card_kn
95000,"улица Героя Рябцева, 15",Нижний Новгород,950,100,Торговая площадь,https://nizhnij-novgorod.n1.ru/view/114381166/?open_card_kn
35006,"улица Героя Чугунова, 11",Нижний Новгород,1162,30,Торговая площадь,https://nizhnij-novgorod.n1.ru/view/115799751/?open_card_kn
25000,"Гагарина проспект, 182",Нижний Новгород,2500,10,Торговая площадь,https://nizhnij-novgorod.n1.ru/view/114378213/?open_card_kn
30000,"улица Чаадаева, 20",Нижний Новгород,1200,25,Торговая площадь,https://nizhnij-novgorod.n1.ru/view/114378212/?open_card_kn
230000,"улица Маршала Голованова, 73",Нижний Новгород,1000,230,Торговая площадь,https://nizhnij-novgorod.n1.ru/view/114378209/?open_card_kn
20000,"улица Коминтерна, 248",Нижний Новгород,2500,8,Торговая площадь,https://nizhnij-novgorod.n1.ru/view/114378210/?open_card_kn
20000,"Кораблестроителей проспект, 22",Нижний Новгород,1000,20,Торговая площадь,https://nizhnij-novgorod.n1.ru/view/114378208/?open_card_kn
37500,"улица Композитора Касьянова, 2б",Нижний Новгород,2500,15,Торговая площадь,https://nizhnij-novgorod.n1.ru/view/114378206/?open_card_kn
324000,"улица Культуры, 4",Нижний Новгород,900,360,Торговая площадь,https://nizhnij-novgorod.n1.ru/view/115796214/?open_card_kn
290000,"улица Челюскинцев, 16",Нижний Новгород,940,308,Торговая площадь,https://nizhnij-novgorod.n1.ru/view/115796213/?open_card_kn
75000,"улица Путейская, 4а",Нижний Новгород,1196,62,Торговая площадь,https://nizhnij-novgorod.n1.ru/view/115796212/?open_card_kn
107613,"улица Максима Горького, 151",Нижний Новгород,990,108,Торговая площадь,https://nizhnij-novgorod.n1.ru/view/115787200/?open_card_kn
31997,"улица Верхне-Печерская, 14",Нижний Новгород,653,49,Торговая площадь,https://nizhnij-novgorod.n1.ru/view/112483094/?open_card_kn
110000,"улица 50-летия Победы, 8",Нижний Новгород,1617,68,Торговая площадь,https://nizhnij-novgorod.n1.ru/view/115784848/?open_card_kn
88000,"улица Бурденко, 10",Нижний Новгород,1248,70,Торговая площадь,https://nizhnij-novgorod.n1.ru/view/112478963/?open_card_kn
151200,"улица Алексеевская, 4",Нижний Новгород,1200,126,Торговая площадь,https://nizhnij-novgorod.n1.ru/view/114745518/?open_card_kn
139000,"улица Бурденко, 10",Нижний Новгород,1145,121,Торговая площадь,https://nizhnij-novgorod.n1.ru/view/112478962/?open_card_kn
67500,"улица Бурденко, 10",Нижний Новгород,1350,50,Торговая площадь,https://nizhnij-novgorod.n1.ru/view/112478961/?open_card_kn
364000,"улица Юбилейная, 22",Нижний Новгород,700,520,Торговая площадь,https://nizhnij-novgorod.n1.ru/view/114745516/?open_card_kn
149000,"улица Юлиуса Фучика, 36",Нижний Новгород,801,186,Торговая площадь,https://nizhnij-novgorod.n1.ru/view/115091321/?open_card_kn
17000,"улица Бориса Корнилова, 6",Нижний Новгород,894,19,Торговая площадь,https://nizhnij-novgorod.n1.ru/view/107941702/?open_card_kn
24000,"улица Дьяконова, 24а",Нижний Новгород,3000,8,Торговая площадь,https://nizhnij-novgorod.n1.ru/view/115776300/?open_card_kn
240000,"улица Краснодонцев, 10",Нижний Новгород,800,300,Торговая площадь,https://nizhnij-novgorod.n1.ru/view/114008840/?open_card_kn
80000,"улица Октябрьской Революции, 18",Нижний Новгород,1025,78,Торговая площадь,https://nizhnij-novgorod.n1.ru/view/114729558/?open_card_kn
80000,"Кораблестроителей проспект, 6",Нижний Новгород,1659,48,Торговая площадь,https://nizhnij-novgorod.n1.ru/view/114729554/?open_card_kn
500000,"улица Маршала Голованова, 73",Нижний Новгород,833,600,Торговая площадь,https://nizhnij-novgorod.n1.ru/view/114726071/?open_card_kn
20000,"улица Героя Рябцева, 23",Нижний Новгород,2000,10,Торговая площадь,https://nizhnij-novgorod.n1.ru/view/102657054/?open_card_kn
210000,"улица Свободы, 67",Нижний Новгород,700,300,Торговая площадь,https://nizhnij-novgorod.n1.ru/view/113991271/?open_card_kn
70000,"улица Светлоярская, 42",Нижний Новгород,1000,70,Торговая площадь,https://nizhnij-novgorod.n1.ru/view/113991255/?open_card_kn
210000,"улица Белинского, 49",Нижний Новгород,1400,150,Торговая площадь,https://nizhnij-novgorod.n1.ru/view/108748130/?open_card_kn
220000,"улица Большая Печерская, 89",Нижний Новгород,2452,89,Торговая площадь,https://nizhnij-novgorod.n1.ru/view/113261809/?open_card_kn
1385100,"улица Бекетова, 13",Нижний Новгород,900,1539,Торговая площадь,https://nizhnij-novgorod.n1.ru/view/115762693/?open_card_kn
64965,"Гагарина проспект, 36",Нижний Новгород,915,71,Торговая площадь,https://nizhnij-novgorod.n1.ru/view/115402880/?open_card_kn
1997500,"Казанское шоссе, 6",Нижний Новгород,850,2350,Торговая площадь,https://nizhnij-novgorod.n1.ru/view/113977266/?open_card_kn
20000,"Комсомольская площадь, 6",Нижний Новгород,2614,7,Торговая площадь,https://nizhnij-novgorod.n1.ru/view/107902424/?open_card_kn
130000,"улица Бекетова, 3а",Нижний Новгород,1000,130,Торговая площадь,https://nizhnij-novgorod.n1.ru/view/114339990/?open_card_kn
40000,"улица Бекетова, 3а",Нижний Новгород,1000,40,Торговая площадь,https://nizhnij-novgorod.n1.ru/view/114339992/?open_card_kn
1000,"улица Победная, 16",Нижний Новгород,125,8,Торговая площадь,https://nizhnij-novgorod.n1.ru/view/114339989/?open_card_kn
80000,"улица Бекетова, 3а",Нижний Новгород,1000,80,Торговая площадь,https://nizhnij-novgorod.n1.ru/view/114339956/?open_card_kn
463200,"улица Большая Печерская, 89",Нижний Новгород,3000,154,Торговая площадь,https://nizhnij-novgorod.n1.ru/view/114339955/?open_card_kn
110000,"улица Бекетова, 3а",Нижний Новгород,1000,110,Торговая площадь,https://nizhnij-novgorod.n1.ru/view/114339951/?open_card_kn
110000,"улица Левобережная, 3",Нижний Новгород,1815,60,Торговая площадь,https://nizhnij-novgorod.n1.ru/view/115039974/?open_card_kn
142500,"улица Лескова, 56",Нижний Новгород,1500,95,Торговая площадь,https://nizhnij-novgorod.n1.ru/view/115389916/?open_card_kn
59994,"улица Моховая, 18",Нижний Новгород,1111,54,Торговая площадь,https://nizhnij-novgorod.n1.ru/view/115388547/?open_card_kn
900000,"улица Июльских Дней, 26а",Нижний Новгород,1200,750,Торговая площадь,https://nizhnij-novgorod.n1.ru/view/115388545/?open_card_kn
600050,"улица Июльских Дней, 26а",Нижний Новгород,1091,550,Торговая площадь,https://nizhnij-novgorod.n1.ru/view/115388579/?open_card_kn
185000,"улица Коминтерна, 176",Нижний Новгород,2176,85,Торговая площадь,https://nizhnij-novgorod.n1.ru/view/114327609/?open_card_kn
3250130,"улица Большая Покровская, 18а",Нижний Новгород,2300,1413,Торговая площадь,https://nizhnij-novgorod.n1.ru/view/78858690/?open_card_kn
390000,"улица Полтавская, 30",Нижний Новгород,1200,325,Торговая площадь,https://nizhnij-novgorod.n1.ru/view/112816110/?open_card_kn
45000,"улица Дьяконова, 24а",Нижний Новгород,3000,15,Торговая площадь,https://nizhnij-novgorod.n1.ru/view/114319234/?open_card_kn
156000,"улица Полтавская, 30",Нижний Новгород,1300,120,Торговая площадь,https://nizhnij-novgorod.n1.ru/view/112816093/?open_card_kn
216700,"улица Маршала Рокоссовского, 17",Нижний Новгород,1100,197,Торговая площадь,https://nizhnij-novgorod.n1.ru/view/114689605/?open_card_kn
200000,"улица Лесная, 75а/1",Нижний Новгород,1000,200,Торговая площадь,https://nizhnij-novgorod.n1.ru/view/114317519/?open_card_kn
120000,"улица Академика Сахарова, 115",Нижний Новгород,1263,95,Торговая площадь,https://nizhnij-novgorod.n1.ru/view/115372100/?open_card_kn
500000,"улица Лесная, 75а/1",Нижний Новгород,1000,500,Торговая площадь,https://nizhnij-novgorod.n1.ru/view/114317516/?open_card_kn
107911,"улица Трудовая, 7",Нижний Новгород,1650,65,Торговая площадь,https://nizhnij-novgorod.n1.ru/view/115372099/?open_card_kn
150000,"улица Октябрьской Революции, 66",Нижний Новгород,1255,119,Торговая площадь,https://nizhnij-novgorod.n1.ru/view/114313779/?open_card_kn
520000,"Комсомольская площадь, 6",Нижний Новгород,1300,400,Торговая площадь,https://nizhnij-novgorod.n1.ru/view/115369211/?open_card_kn
199938,"улица Невзоровых, 64",Нижний Новгород,1416,141,Торговая площадь,https://nizhnij-novgorod.n1.ru/view/115727340/?open_card_kn
130780,"улица Родионова, 178",Нижний Новгород,1300,100,Торговая площадь,https://nizhnij-novgorod.n1.ru/view/109174655/?open_card_kn
90000,"улица Ильинская, 79",Нижний Новгород,3000,30,Торговая площадь,https://nizhnij-novgorod.n1.ru/view/115721362/?open_card_kn
799500,"Казанское шоссе, 6",Нижний Новгород,650,1230,Торговая площадь,https://nizhnij-novgorod.n1.ru/view/115024057/?open_card_kn
160000,"улица Коминтерна, 115",Нижний Новгород,2000,80,Торговая площадь,https://nizhnij-novgorod.n1.ru/view/109161647/?open_card_kn
1430000,"Казанское шоссе, 6",Нижний Новгород,650,2200,Торговая площадь,https://nizhnij-novgorod.n1.ru/view/115024055/?open_card_kn
18000,"улица Композитора Касьянова, 5",Нижний Новгород,1500,12,Торговая площадь,https://nizhnij-novgorod.n1.ru/view/109161595/?open_card_kn
216000,"Южное шоссе, 43",Нижний Новгород,1500,144,Торговая площадь,https://nizhnij-novgorod.n1.ru/view/113938579/?open_card_kn
338000,"улица Волжская набережная, 8",Нижний Новгород,1000,338,Торговая площадь,https://nizhnij-novgorod.n1.ru/view/113938577/?open_card_kn
262400,"Южное шоссе, 43",Нижний Новгород,800,328,Торговая площадь,https://nizhnij-novgorod.n1.ru/view/113938570/?open_card_kn
70500,"Южное шоссе, 43",Нижний Новгород,1000,70,Торговая площадь,https://nizhnij-novgorod.n1.ru/view/113938518/?open_card_kn
24000,"улица Бориса Корнилова, 6",Нижний Новгород,1000,24,Торговая площадь,https://nizhnij-novgorod.n1.ru/view/113589402/?open_card_kn
1100000,"улица Гоголя, 14а",Нижний Новгород,2200,500,Торговая площадь,https://nizhnij-novgorod.n1.ru/view/115707860/?open_card_kn
75000,"улица Переходникова, 25",Нижний Новгород,1500,50,Торговая площадь,https://nizhnij-novgorod.n1.ru/view/115706170/?open_card_kn
350000,"улица Нижне-Волжская набережная, 16",Нижний Новгород,2692,130,Торговая площадь,https://nizhnij-novgorod.n1.ru/view/115703851/?open_card_kn
130000,"улица Белинского, 58",Нижний Новгород,1062,122,Торговая площадь,https://nizhnij-novgorod.n1.ru/view/115700728/?open_card_kn
79500,"улица Карла Маркса, 20",Нижний Новгород,1500,53,Торговая площадь,https://nizhnij-novgorod.n1.ru/view/115008882/?open_card_kn
114400,"улица Карла Маркса, 8а",Нижний Новгород,1100,104,Торговая площадь,https://nizhnij-novgorod.n1.ru/view/112117914/?open_card_kn
350000,"Московское шоссе, 142",Нижний Новгород,1112,314,Торговая площадь,https://nizhnij-novgorod.n1.ru/view/109127734/?open_card_kn
240000,"улица Маршала Воронова, 1а",Нижний Новгород,800,300,Торговая площадь,https://nizhnij-novgorod.n1.ru/view/112394825/?open_card_kn
120000,"Гагарина проспект, 104",Нижний Новгород,2000,60,Торговая площадь,https://nizhnij-novgorod.n1.ru/view/111335241/?open_card_kn
1660900,"Гагарина проспект, 144",Нижний Новгород,1700,977,Торговая площадь,https://nizhnij-novgorod.n1.ru/view/114633102/?open_card_kn
99990,"Ленина проспект, 76",Нижний Новгород,1515,66,Торговая площадь,https://nizhnij-novgorod.n1.ru/view/114633100/?open_card_kn
800000,"улица Веденяпина, 13",Нижний Новгород,2000,400,Торговая площадь,https://nizhnij-novgorod.n1.ru/view/109581297/?open_card_kn
125043,"улица Новая, 57",Нижний Новгород,1345,92,Торговая площадь,https://nizhnij-novgorod.n1.ru/view/114631372/?open_card_kn
403750,"Октября проспект, 25",Нижний Новгород,1250,323,Торговая площадь,https://nizhnij-novgorod.n1.ru/view/115346163/?open_card_kn
48000,"улица Луговая, 30",Нижний Новгород,1000,48,Торговая площадь,https://nizhnij-novgorod.n1.ru/view/114995774/?open_card_kn
45000,"Комсомольская площадь, 6",Нижний Новгород,2250,20,Торговая площадь,https://nizhnij-novgorod.n1.ru/view/107842160/?open_card_kn
130000,"улица Бориса Видяева, 10",Нижний Новгород,1487,87,Торговая площадь,https://nizhnij-novgorod.n1.ru/view/113554993/?open_card_kn
150000,"улица Невзоровых, 49",Нижний Новгород,1666,90,Торговая площадь,https://nizhnij-novgorod.n1.ru/view/111301386/?open_card_kn
117500,"Южное шоссе, 43",Нижний Новгород,2500,47,Торговая площадь,https://nizhnij-novgorod.n1.ru/view/112735713/?open_card_kn
70700,"улица Варварская, 32",Нижний Новгород,700,101,Торговая площадь,https://nizhnij-novgorod.n1.ru/view/107831130/?open_card_kn
45000000,"Комсомольская площадь, 2",Нижний Новгород,1000,45000,Торговая площадь,https://nizhnij-novgorod.n1.ru/view/111706921/?open_card_kn
110000,"улица Плотникова, 2",Нижний Новгород,1000,110,Торговая площадь,https://nizhnij-novgorod.n1.ru/view/114974385/?open_card_kn
170000,"улица Белинского, 34",Нижний Новгород,1619,105,Торговая площадь,https://nizhnij-novgorod.n1.ru/view/112679605/?open_card_kn
1012500,"Казанское шоссе, 6",Нижний Новгород,450,2250,Торговая площадь,https://nizhnij-novgorod.n1.ru/view/111697750/?open_card_kn
320000,"улица Генерала Зимина, 26",Нижний Новгород,581,550,Торговая площадь,https://nizhnij-novgorod.n1.ru/view/113543852/?open_card_kn
28616,"улица Варварская, 32",Нижний Новгород,490,58,Торговая площадь,https://nizhnij-novgorod.n1.ru/view/78016338/?open_card_kn
28616,"улица Варварская, 32",Нижний Новгород,490,58,Торговая площадь,https://nizhnij-novgorod.n1.ru/view/78016337/?open_card_kn
480000,"улица Ларина, 7",Нижний Новгород,1200,400,Торговая площадь,https://nizhnij-novgorod.n1.ru/view/115659592/?open_card_kn
154500,"улица Ларина, 7",Нижний Новгород,500,309,Торговая площадь,https://nizhnij-novgorod.n1.ru/view/115659591/?open_card_kn
126000,"улица Долгополова, 19",Нижний Новгород,600,210,Торговая площадь,https://nizhnij-novgorod.n1.ru/view/114589829/?open_card_kn
519720,"Кирова проспект, 2а",Нижний Новгород,1200,433,Торговая площадь,https://nizhnij-novgorod.n1.ru/view/115295195/?open_card_kn
125000,"улица Чаадаева, 20",Нижний Новгород,929,134,Торговая площадь,https://nizhnij-novgorod.n1.ru/view/114217580/?open_card_kn
322000,"улица Народная, 41",Нижний Новгород,1400,230,Торговая площадь,https://nizhnij-novgorod.n1.ru/view/115291672/?open_card_kn
160000,"улица Ошарская, 21",Нижний Новгород,1758,91,Торговая площадь,https://nizhnij-novgorod.n1.ru/view/113135401/?open_card_kn
18750,"улица Карла Маркса, 8а",Нижний Новгород,2500,7,Торговая площадь,https://nizhnij-novgorod.n1.ru/view/115644867/?open_card_kn
110000,"Южное шоссе, 28",Нижний Новгород,2014,54,Торговая площадь,https://nizhnij-novgorod.n1.ru/view/115641981/?open_card_kn
137410,"улица Бекетова, 21",Нижний Новгород,700,196,Торговая площадь,https://nizhnij-novgorod.n1.ru/view/112658120/?open_card_kn
461300,"Московское шоссе, 142",Нижний Новгород,1367,337,Торговая площадь,https://nizhnij-novgorod.n1.ru/view/115283950/?open_card_kn
206000,"улица Чкалова, 1",Нижний Новгород,2998,68,Торговая площадь,https://nizhnij-novgorod.n1.ru/view/115283927/?open_card_kn
441500,"улица Чкалова, 1",Нижний Новгород,2500,176,Торговая площадь,https://nizhnij-novgorod.n1.ru/view/115283929/?open_card_kn
190000,"улица Героя Советского Союза Аристархова, 4",Нижний Новгород,1397,136,Торговая площадь,https://nizhnij-novgorod.n1.ru/view/115638336/?open_card_kn
809000,"Свободы площадь, 4",Нижний Новгород,3099,261,Торговая площадь,https://nizhnij-novgorod.n1.ru/view/115283923/?open_card_kn
120000,"улица Чкалова, 1",Нижний Новгород,671,178,Торговая площадь,https://nizhnij-novgorod.n1.ru/view/115283917/?open_card_kn
637000,"улица Коминтерна, 174",Нижний Новгород,2500,254,Торговая площадь,https://nizhnij-novgorod.n1.ru/view/115283919/?open_card_kn
840000,"улица Сибирская, 3",Нижний Новгород,350,2400,Торговая площадь,https://nizhnij-novgorod.n1.ru/view/115283916/?open_card_kn
100000,"улица Коминтерна, 174",Нижний Новгород,465,215,Торговая площадь,https://nizhnij-novgorod.n1.ru/view/115283911/?open_card_kn
629000,"Свободы площадь, 4",Нижний Новгород,3101,202,Торговая площадь,https://nizhnij-novgorod.n1.ru/view/115283909/?open_card_kn
1435000,"Свободы площадь, 4",Нижний Новгород,3099,463,Торговая площадь,https://nizhnij-novgorod.n1.ru/view/115283908/?open_card_kn
1600000,"улица Композитора Касьянова, 17",Нижний Новгород,1815,881,Торговая площадь,https://nizhnij-novgorod.n1.ru/view/115283907/?open_card_kn
377400,"Комсомольская площадь, 6",Нижний Новгород,1500,251,Торговая площадь,https://nizhnij-novgorod.n1.ru/view/113123108/?open_card_kn
140000,"улица Гордеевская, 8",Нижний Новгород,1158,120,Торговая площадь,https://nizhnij-novgorod.n1.ru/view/110348012/?open_card_kn
286000,"Кирова проспект, 2а",Нижний Новгород,1100,260,Торговая площадь,https://nizhnij-novgorod.n1.ru/view/111655331/?open_card_kn
214500,"Комсомольская площадь, 6",Нижний Новгород,1650,130,Торговая площадь,https://nizhnij-novgorod.n1.ru/view/113123099/?open_card_kn
103950,"улица Ижорская, 15",Нижний Новгород,900,115,Торговая площадь,https://nizhnij-novgorod.n1.ru/view/114946281/?open_card_kn
98000,"улица Звездинка, 24",Нижний Новгород,1262,77,Торговая площадь,https://nizhnij-novgorod.n1.ru/view/115629028/?open_card_kn
40000,"улица Бекетова, 27",Нижний Новгород,1333,30,Торговая площадь,https://nizhnij-novgorod.n1.ru/view/77415855/?open_card_kn
37000,"Комсомольская площадь, 6",Нижний Новгород,2138,17,Торговая площадь,https://nizhnij-novgorod.n1.ru/view/77408953/?open_card_kn
400000,"улица Родионова, 195",Нижний Новгород,2105,190,Торговая площадь,https://nizhnij-novgorod.n1.ru/view/77407969/?open_card_kn
55000,"Ленина проспект, 1",Нижний Новгород,625,88,Торговая площадь,https://nizhnij-novgorod.n1.ru/view/77397341/?open_card_kn
65000,"улица Композитора Касьянова, 5",Нижний Новгород,955,68,Торговая площадь,https://nizhnij-novgorod.n1.ru/view/77392394/?open_card_kn
20000,"улица Чаадаева, 5д",Нижний Новгород,2000,10,Торговая площадь,https://nizhnij-novgorod.n1.ru/view/77390551/?open_card_kn
10000,"улица Композитора Касьянова, 5а",Нижний Новгород,1666,6,Торговая площадь,https://nizhnij-novgorod.n1.ru/view/112323795/?open_card_kn
140030,"улица Сергея Есенина, 6",Нижний Новгород,1474,95,Торговая площадь,https://nizhnij-novgorod.n1.ru/view/113504748/?open_card_kn
2252800,"улица Большая Покровская, 18а",Нижний Новгород,2750,819,Торговая площадь,https://nizhnij-novgorod.n1.ru/view/112323786/?open_card_kn
349965,"Московское шоссе, 142",Нижний Новгород,1111,315,Торговая площадь,https://nizhnij-novgorod.n1.ru/view/114550329/?open_card_kn
303420,"Московское шоссе, 191",Нижний Новгород,1167,260,Торговая площадь,https://nizhnij-novgorod.n1.ru/view/114550328/?open_card_kn
36300,"улица Сазанова, 2",Нижний Новгород,1100,33,Торговая площадь,https://nizhnij-novgorod.n1.ru/view/115617670/?open_card_kn
60450,"улица Луговая, 30",Нижний Новгород,3100,19,Торговая площадь,https://nizhnij-novgorod.n1.ru/view/115617667/?open_card_kn
55000,"Мещерский бульвар, 3",Нижний Новгород,916,60,Торговая площадь,https://nizhnij-novgorod.n1.ru/view/115614591/?open_card_kn
90000,"улица Героя Усилова, 2",Нижний Новгород,1000,90,Торговая площадь,https://nizhnij-novgorod.n1.ru/view/114934682/?open_card_kn
10000,"улица Максима Горького, 148",Нижний Новгород,909,11,Торговая площадь,https://nizhnij-novgorod.n1.ru/view/115611177/?open_card_kn
334740,"Южное шоссе, 43",Нижний Новгород,700,478,Торговая площадь,https://nizhnij-novgorod.n1.ru/view/114925055/?open_card_kn
80000,"Союзный проспект, 2",Нижний Новгород,627,127,Торговая площадь,https://nizhnij-novgorod.n1.ru/view/112652536/?open_card_kn
173530,"улица Генкиной, 61",Нижний Новгород,700,247,Торговая площадь,https://nizhnij-novgorod.n1.ru/view/110796101/?open_card_kn
180000,"улица Коминтерна, 121",Нижний Новгород,900,200,Помещение под бар/ресторан,https://nizhnij-novgorod.n1.ru/view/115258097/?open_card_kn
120000,"улица 3-я Ямская, 30",Нижний Новгород,1000,120,Помещение под бар/ресторан,https://nizhnij-novgorod.n1.ru/view/112286729/?open_card_kn
2249500,"улица Большая Покровская, 18а",Нижний Новгород,2750,818,Помещение под бар/ресторан,https://nizhnij-novgorod.n1.ru/view/114894310/?open_card_kn
250000,"улица Дмитрия Павлова, 13а",Нижний Новгород,1000,250,Помещение под бар/ресторан,https://nizhnij-novgorod.n1.ru/view/115567178/?open_card_kn
300000,"Минина и Пожарского площадь, 4а",Нижний Новгород,1522,197,Помещение под бар/ресторан,https://nizhnij-novgorod.n1.ru/view/115563994/?open_card_kn
500000,"улица Большая Покровская, 51а",Нижний Новгород,1210,413,Помещение под бар/ресторан,https://nizhnij-novgorod.n1.ru/view/115552031/?open_card_kn
35000,"улица Волжская набережная, 8",Нижний Новгород,1029,34,Помещение под бар/ресторан,https://nizhnij-novgorod.n1.ru/view/115887912/?open_card_kn
1274000,"улица Ильинская, 56",Нижний Новгород,2000,637,Помещение под бар/ресторан,https://nizhnij-novgorod.n1.ru/view/108888894/?open_card_kn
177800,"улица Гаугеля, 9а",Нижний Новгород,999,177,Помещение под бар/ресторан,https://nizhnij-novgorod.n1.ru/view/115517200/?open_card_kn
400000,"улица Пискунова, 41",Нижний Новгород,1000,400,Помещение под бар/ресторан,https://nizhnij-novgorod.n1.ru/view/115860210/?open_card_kn
215000,"улица Большая Покровская, 7",Нижний Новгород,1295,166,Помещение под бар/ресторан,https://nizhnij-novgorod.n1.ru/view/115796210/?open_card_kn
107613,"улица Максима Горького, 151",Нижний Новгород,990,108,Помещение под бар/ресторан,https://nizhnij-novgorod.n1.ru/view/115787200/?open_card_kn
3660700,"улица Рождественская, 11",Нижний Новгород,1000,3660,Помещение под бар/ресторан,https://nizhnij-novgorod.n1.ru/view/115088074/?open_card_kn
265500,"улица Большая Печерская, 11",Нижний Новгород,900,295,Помещение под бар/ресторан,https://nizhnij-novgorod.n1.ru/view/115061355/?open_card_kn
140000,"улица Гордеевская, 8",Нижний Новгород,1158,120,Помещение под бар/ресторан,https://nizhnij-novgorod.n1.ru/view/114355630/?open_card_kn
3243000,"улица Большая Покровская, 18а",Нижний Новгород,2300,1410,Помещение под бар/ресторан,https://nizhnij-novgorod.n1.ru/view/115369214/?open_card_kn
142800,"улица Славянская, 23а",Нижний Новгород,1190,120,Помещение под бар/ресторан,https://nizhnij-novgorod.n1.ru/view/115727342/?open_card_kn
450000,"улица Нестерова, 22",Нижний Новгород,1562,288,Помещение под бар/ресторан,https://nizhnij-novgorod.n1.ru/view/113879897/?open_card_kn
250040,"улица Шекспира, 1б 1",Нижний Новгород,700,357,Помещение под бар/ресторан,https://nizhnij-novgorod.n1.ru/view/115659593/?open_card_kn
130000,"улица Бориса Видяева, 10",Нижний Новгород,1529,85,Помещение под бар/ресторан,https://nizhnij-novgorod.n1.ru/view/77425705/?open_card_kn
150075,"улица Бекетова, 42",Нижний Новгород,725,207,Помещение под бар/ресторан,https://nizhnij-novgorod.n1.ru/view/114922373/?open_card_kn
